id	output
{"blockNumber":17232367,"chainId":100,"contractAddress":"0x9C1dA9A04925bDfDedf0f6421bC7EEa8305F9002","disputeID":"1"}	"2"
{"blockNumber":17337315,"chainId":100,"contractAddress":"0x9C1dA9A04925bDfDedf0f6421bC7EEa8305F9002","disputeID":"3"}	"2"
{"blockNumber":17338207,"chainId":100,"contractAddress":"0x9C1dA9A04925bDfDedf0f6421bC7EEa8305F9002","disputeID":"2"}	"1"
{"blockNumber":17382989,"chainId":100,"contractAddress":"0x9C1dA9A04925bDfDedf0f6421bC7EEa8305F9002","disputeID":"2"}	"2"
{"blockNumber":20186333,"chainId":100,"contractAddress":"0x9C1dA9A04925bDfDedf0f6421bC7EEa8305F9002","disputeID":"5"}	"2"
{"blockNumber":20463903,"chainId":100,"contractAddress":"0x9C1dA9A04925bDfDedf0f6421bC7EEa8305F9002","disputeID":"6"}	"2"
{"blockNumber":22314088,"chainId":100,"contractAddress":"0x9C1dA9A04925bDfDedf0f6421bC7EEa8305F9002","disputeID":"33"}	"2"
{"blockNumber":22328418,"chainId":100,"contractAddress":"0x9C1dA9A04925bDfDedf0f6421bC7EEa8305F9002","disputeID":"32"}	"2"
{"blockNumber":22382824,"chainId":100,"contractAddress":"0x9C1dA9A04925bDfDedf0f6421bC7EEa8305F9002","disputeID":"33"}	"2"
{"blockNumber":23332449,"chainId":100,"contractAddress":"0x9C1dA9A04925bDfDedf0f6421bC7EEa8305F9002","disputeID":"45"}	"2"
{"blockNumber":23401723,"chainId":100,"contractAddress":"0x9C1dA9A04925bDfDedf0f6421bC7EEa8305F9002","disputeID":"47"}	"2"
{"blockNumber":23819366,"chainId":100,"contractAddress":"0x9C1dA9A04925bDfDedf0f6421bC7EEa8305F9002","disputeID":"48"}	"2"
{"blockNumber":24331115,"chainId":100,"contractAddress":"0x9C1dA9A04925bDfDedf0f6421bC7EEa8305F9002","disputeID":"49"}	"0"
{"blockNumber":10286545,"chainId":1,"contractAddress":"0x988b3A538b618C7A603e1c11Ab82Cd16dbE28069","disputeID":"211"}	"2"
{"blockNumber":10324742,"chainId":1,"contractAddress":"0x988b3A538b618C7A603e1c11Ab82Cd16dbE28069","disputeID":"213"}	"1"
{"blockNumber":10363091,"chainId":1,"contractAddress":"0x988b3A538b618C7A603e1c11Ab82Cd16dbE28069","disputeID":"214"}	"2"
{"blockNumber":10370220,"chainId":1,"contractAddress":"0x988b3A538b618C7A603e1c11Ab82Cd16dbE28069","disputeID":"217"}	"2"
{"blockNumber":10370267,"chainId":1,"contractAddress":"0x988b3A538b618C7A603e1c11Ab82Cd16dbE28069","disputeID":"218"}	"2"
{"blockNumber":10370574,"chainId":1,"contractAddress":"0x988b3A538b618C7A603e1c11Ab82Cd16dbE28069","disputeID":"227"}	"2"
{"blockNumber":10372608,"chainId":1,"contractAddress":"0x988b3A538b618C7A603e1c11Ab82Cd16dbE28069","disputeID":"216"}	"1"
{"blockNumber":10373193,"chainId":1,"contractAddress":"0x988b3A538b618C7A603e1c11Ab82Cd16dbE28069","disputeID":"231"}	"2"
{"blockNumber":10373646,"chainId":1,"contractAddress":"0x988b3A538b618C7A603e1c11Ab82Cd16dbE28069","disputeID":"213"}	"2"
{"blockNumber":10374236,"chainId":1,"contractAddress":"0x988b3A538b618C7A603e1c11Ab82Cd16dbE28069","disputeID":"233"}	"2"
{"blockNumber":10386428,"chainId":1,"contractAddress":"0x988b3A538b618C7A603e1c11Ab82Cd16dbE28069","disputeID":"224"}	"2"
{"blockNumber":10386428,"chainId":1,"contractAddress":"0x988b3A538b618C7A603e1c11Ab82Cd16dbE28069","disputeID":"225"}	"2"
{"blockNumber":10414816,"chainId":1,"contractAddress":"0x988b3A538b618C7A603e1c11Ab82Cd16dbE28069","disputeID":"235"}	"1"
{"blockNumber":10415084,"chainId":1,"contractAddress":"0x988b3A538b618C7A603e1c11Ab82Cd16dbE28069","disputeID":"237"}	"1"
{"blockNumber":10429263,"chainId":1,"contractAddress":"0x988b3A538b618C7A603e1c11Ab82Cd16dbE28069","disputeID":"238"}	"2"
{"blockNumber":10434224,"chainId":1,"contractAddress":"0x988b3A538b618C7A603e1c11Ab82Cd16dbE28069","disputeID":"245"}	"2"
{"blockNumber":10434794,"chainId":1,"contractAddress":"0x988b3A538b618C7A603e1c11Ab82Cd16dbE28069","disputeID":"244"}	"2"
{"blockNumber":10445736,"chainId":1,"contractAddress":"0x988b3A538b618C7A603e1c11Ab82Cd16dbE28069","disputeID":"242"}	"2"
{"blockNumber":10446503,"chainId":1,"contractAddress":"0x988b3A538b618C7A603e1c11Ab82Cd16dbE28069","disputeID":"246"}	"2"
{"blockNumber":10447165,"chainId":1,"contractAddress":"0x988b3A538b618C7A603e1c11Ab82Cd16dbE28069","disputeID":"243"}	"2"
{"blockNumber":10458327,"chainId":1,"contractAddress":"0x988b3A538b618C7A603e1c11Ab82Cd16dbE28069","disputeID":"251"}	"2"
{"blockNumber":10460877,"chainId":1,"contractAddress":"0x988b3A538b618C7A603e1c11Ab82Cd16dbE28069","disputeID":"247"}	"2"
{"blockNumber":10467427,"chainId":1,"contractAddress":"0x988b3A538b618C7A603e1c11Ab82Cd16dbE28069","disputeID":"255"}	"2"
{"blockNumber":10467461,"chainId":1,"contractAddress":"0x988b3A538b618C7A603e1c11Ab82Cd16dbE28069","disputeID":"256"}	"2"
{"blockNumber":10474600,"chainId":1,"contractAddress":"0x988b3A538b618C7A603e1c11Ab82Cd16dbE28069","disputeID":"254"}	"0"
{"blockNumber":10476235,"chainId":1,"contractAddress":"0x988b3A538b618C7A603e1c11Ab82Cd16dbE28069","disputeID":"286"}	"2"
{"blockNumber":10480696,"chainId":1,"contractAddress":"0x988b3A538b618C7A603e1c11Ab82Cd16dbE28069","disputeID":"262"}	"2"
{"blockNumber":10485650,"chainId":1,"contractAddress":"0x988b3A538b618C7A603e1c11Ab82Cd16dbE28069","disputeID":"285"}	"2"
{"blockNumber":10485735,"chainId":1,"contractAddress":"0x988b3A538b618C7A603e1c11Ab82Cd16dbE28069","disputeID":"261"}	"2"
{"blockNumber":10485994,"chainId":1,"contractAddress":"0x988b3A538b618C7A603e1c11Ab82Cd16dbE28069","disputeID":"298"}	"1"
{"blockNumber":10486489,"chainId":1,"contractAddress":"0x988b3A538b618C7A603e1c11Ab82Cd16dbE28069","disputeID":"248"}	"1"
{"blockNumber":10486534,"chainId":1,"contractAddress":"0x988b3A538b618C7A603e1c11Ab82Cd16dbE28069","disputeID":"253"}	"2"
{"blockNumber":10486534,"chainId":1,"contractAddress":"0x988b3A538b618C7A603e1c11Ab82Cd16dbE28069","disputeID":"260"}	"2"
{"blockNumber":10486534,"chainId":1,"contractAddress":"0x988b3A538b618C7A603e1c11Ab82Cd16dbE28069","disputeID":"267"}	"2"
{"blockNumber":10486555,"chainId":1,"contractAddress":"0x988b3A538b618C7A603e1c11Ab82Cd16dbE28069","disputeID":"270"}	"2"
{"blockNumber":10486555,"chainId":1,"contractAddress":"0x988b3A538b618C7A603e1c11Ab82Cd16dbE28069","disputeID":"272"}	"2"
{"blockNumber":10486555,"chainId":1,"contractAddress":"0x988b3A538b618C7A603e1c11Ab82Cd16dbE28069","disputeID":"274"}	"2"
{"blockNumber":10486631,"chainId":1,"contractAddress":"0x988b3A538b618C7A603e1c11Ab82Cd16dbE28069","disputeID":"276"}	"2"
{"blockNumber":10486631,"chainId":1,"contractAddress":"0x988b3A538b618C7A603e1c11Ab82Cd16dbE28069","disputeID":"278"}	"2"
{"blockNumber":10486631,"chainId":1,"contractAddress":"0x988b3A538b618C7A603e1c11Ab82Cd16dbE28069","disputeID":"279"}	"2"
{"blockNumber":10486631,"chainId":1,"contractAddress":"0x988b3A538b618C7A603e1c11Ab82Cd16dbE28069","disputeID":"281"}	"2"
{"blockNumber":10486631,"chainId":1,"contractAddress":"0x988b3A538b618C7A603e1c11Ab82Cd16dbE28069","disputeID":"293"}	"2"
{"blockNumber":10486715,"chainId":1,"contractAddress":"0x988b3A538b618C7A603e1c11Ab82Cd16dbE28069","disputeID":"290"}	"1"
{"blockNumber":10489451,"chainId":1,"contractAddress":"0x988b3A538b618C7A603e1c11Ab82Cd16dbE28069","disputeID":"289"}	"1"
{"blockNumber":10490510,"chainId":1,"contractAddress":"0x988b3A538b618C7A603e1c11Ab82Cd16dbE28069","disputeID":"297"}	"2"
{"blockNumber":10491147,"chainId":1,"contractAddress":"0x988b3A538b618C7A603e1c11Ab82Cd16dbE28069","disputeID":"257"}	"1"
{"blockNumber":10491147,"chainId":1,"contractAddress":"0x988b3A538b618C7A603e1c11Ab82Cd16dbE28069","disputeID":"259"}	"1"
{"blockNumber":10491147,"chainId":1,"contractAddress":"0x988b3A538b618C7A603e1c11Ab82Cd16dbE28069","disputeID":"266"}	"2"
{"blockNumber":10491147,"chainId":1,"contractAddress":"0x988b3A538b618C7A603e1c11Ab82Cd16dbE28069","disputeID":"269"}	"2"
{"blockNumber":10491170,"chainId":1,"contractAddress":"0x988b3A538b618C7A603e1c11Ab82Cd16dbE28069","disputeID":"288"}	"2"
{"blockNumber":10491573,"chainId":1,"contractAddress":"0x988b3A538b618C7A603e1c11Ab82Cd16dbE28069","disputeID":"264"}	"2"
{"blockNumber":10491573,"chainId":1,"contractAddress":"0x988b3A538b618C7A603e1c11Ab82Cd16dbE28069","disputeID":"275"}	"2"
{"blockNumber":10491573,"chainId":1,"contractAddress":"0x988b3A538b618C7A603e1c11Ab82Cd16dbE28069","disputeID":"283"}	"2"
{"blockNumber":10491602,"chainId":1,"contractAddress":"0x988b3A538b618C7A603e1c11Ab82Cd16dbE28069","disputeID":"287"}	"2"
{"blockNumber":10491602,"chainId":1,"contractAddress":"0x988b3A538b618C7A603e1c11Ab82Cd16dbE28069","disputeID":"295"}	"2"
{"blockNumber":10491602,"chainId":1,"contractAddress":"0x988b3A538b618C7A603e1c11Ab82Cd16dbE28069","disputeID":"296"}	"2"
{"blockNumber":10491624,"chainId":1,"contractAddress":"0x988b3A538b618C7A603e1c11Ab82Cd16dbE28069","disputeID":"277"}	"2"
{"blockNumber":10492082,"chainId":1,"contractAddress":"0x988b3A538b618C7A603e1c11Ab82Cd16dbE28069","disputeID":"282"}	"1"
{"blockNumber":10492278,"chainId":1,"contractAddress":"0x988b3A538b618C7A603e1c11Ab82Cd16dbE28069","disputeID":"292"}	"1"
{"blockNumber":10493869,"chainId":1,"contractAddress":"0x988b3A538b618C7A603e1c11Ab82Cd16dbE28069","disputeID":"271"}	"2"
{"blockNumber":10494206,"chainId":1,"contractAddress":"0x988b3A538b618C7A603e1c11Ab82Cd16dbE28069","disputeID":"249"}	"1"
{"blockNumber":10494380,"chainId":1,"contractAddress":"0x988b3A538b618C7A603e1c11Ab82Cd16dbE28069","disputeID":"291"}	"2"
{"blockNumber":10497576,"chainId":1,"contractAddress":"0x988b3A538b618C7A603e1c11Ab82Cd16dbE28069","disputeID":"273"}	"2"
{"blockNumber":10497643,"chainId":1,"contractAddress":"0x988b3A538b618C7A603e1c11Ab82Cd16dbE28069","disputeID":"263"}	"2"
{"blockNumber":10497662,"chainId":1,"contractAddress":"0x988b3A538b618C7A603e1c11Ab82Cd16dbE28069","disputeID":"258"}	"1"
{"blockNumber":10498448,"chainId":1,"contractAddress":"0x988b3A538b618C7A603e1c11Ab82Cd16dbE28069","disputeID":"265"}	"1"
{"blockNumber":10498519,"chainId":1,"contractAddress":"0x988b3A538b618C7A603e1c11Ab82Cd16dbE28069","disputeID":"280"}	"2"
{"blockNumber":10498547,"chainId":1,"contractAddress":"0x988b3A538b618C7A603e1c11Ab82Cd16dbE28069","disputeID":"268"}	"2"
{"blockNumber":10499586,"chainId":1,"contractAddress":"0x988b3A538b618C7A603e1c11Ab82Cd16dbE28069","disputeID":"250"}	"1"
{"blockNumber":10501672,"chainId":1,"contractAddress":"0x988b3A538b618C7A603e1c11Ab82Cd16dbE28069","disputeID":"284"}	"2"
{"blockNumber":10503369,"chainId":1,"contractAddress":"0x988b3A538b618C7A603e1c11Ab82Cd16dbE28069","disputeID":"252"}	"2"
{"blockNumber":10510744,"chainId":1,"contractAddress":"0x988b3A538b618C7A603e1c11Ab82Cd16dbE28069","disputeID":"281"}	"2"
{"blockNumber":10514508,"chainId":1,"contractAddress":"0x988b3A538b618C7A603e1c11Ab82Cd16dbE28069","disputeID":"262"}	"2"
{"blockNumber":10515509,"chainId":1,"contractAddress":"0x988b3A538b618C7A603e1c11Ab82Cd16dbE28069","disputeID":"272"}	"2"
{"blockNumber":10518262,"chainId":1,"contractAddress":"0x988b3A538b618C7A603e1c11Ab82Cd16dbE28069","disputeID":"294"}	"2"
{"blockNumber":10518327,"chainId":1,"contractAddress":"0x988b3A538b618C7A603e1c11Ab82Cd16dbE28069","disputeID":"279"}	"2"
{"blockNumber":10529379,"chainId":1,"contractAddress":"0x988b3A538b618C7A603e1c11Ab82Cd16dbE28069","disputeID":"293"}	"2"
{"blockNumber":10531249,"chainId":1,"contractAddress":"0x988b3A538b618C7A603e1c11Ab82Cd16dbE28069","disputeID":"303"}	"2"
{"blockNumber":10533161,"chainId":1,"contractAddress":"0x988b3A538b618C7A603e1c11Ab82Cd16dbE28069","disputeID":"278"}	"2"
{"blockNumber":10543442,"chainId":1,"contractAddress":"0x988b3A538b618C7A603e1c11Ab82Cd16dbE28069","disputeID":"264"}	"2"
{"blockNumber":10548097,"chainId":1,"contractAddress":"0x988b3A538b618C7A603e1c11Ab82Cd16dbE28069","disputeID":"293"}	"2"
{"blockNumber":10561744,"chainId":1,"contractAddress":"0x988b3A538b618C7A603e1c11Ab82Cd16dbE28069","disputeID":"272"}	"2"
{"blockNumber":10561744,"chainId":1,"contractAddress":"0x988b3A538b618C7A603e1c11Ab82Cd16dbE28069","disputeID":"281"}	"2"
{"blockNumber":10562341,"chainId":1,"contractAddress":"0x988b3A538b618C7A603e1c11Ab82Cd16dbE28069","disputeID":"304"}	"0"
{"blockNumber":10565274,"chainId":1,"contractAddress":"0x988b3A538b618C7A603e1c11Ab82Cd16dbE28069","disputeID":"252"}	"1"
{"blockNumber":10565274,"chainId":1,"contractAddress":"0x988b3A538b618C7A603e1c11Ab82Cd16dbE28069","disputeID":"279"}	"2"
{"blockNumber":10566339,"chainId":1,"contractAddress":"0x988b3A538b618C7A603e1c11Ab82Cd16dbE28069","disputeID":"262"}	"2"
{"blockNumber":10576248,"chainId":1,"contractAddress":"0x988b3A538b618C7A603e1c11Ab82Cd16dbE28069","disputeID":"312"}	"2"
{"blockNumber":10627996,"chainId":1,"contractAddress":"0x988b3A538b618C7A603e1c11Ab82Cd16dbE28069","disputeID":"323"}	"2"
{"blockNumber":10664881,"chainId":1,"contractAddress":"0x988b3A538b618C7A603e1c11Ab82Cd16dbE28069","disputeID":"329"}	"1"
{"blockNumber":10666832,"chainId":1,"contractAddress":"0x988b3A538b618C7A603e1c11Ab82Cd16dbE28069","disputeID":"333"}	"2"
{"blockNumber":10684037,"chainId":1,"contractAddress":"0x988b3A538b618C7A603e1c11Ab82Cd16dbE28069","disputeID":"331"}	"1"
{"blockNumber":10695649,"chainId":1,"contractAddress":"0x988b3A538b618C7A603e1c11Ab82Cd16dbE28069","disputeID":"332"}	"2"
{"blockNumber":10712836,"chainId":1,"contractAddress":"0x988b3A538b618C7A603e1c11Ab82Cd16dbE28069","disputeID":"348"}	"2"
{"blockNumber":10717332,"chainId":1,"contractAddress":"0x988b3A538b618C7A603e1c11Ab82Cd16dbE28069","disputeID":"347"}	"2"
{"blockNumber":10717915,"chainId":1,"contractAddress":"0x988b3A538b618C7A603e1c11Ab82Cd16dbE28069","disputeID":"350"}	"2"
{"blockNumber":10717946,"chainId":1,"contractAddress":"0x988b3A538b618C7A603e1c11Ab82Cd16dbE28069","disputeID":"356"}	"2"
{"blockNumber":10723794,"chainId":1,"contractAddress":"0x988b3A538b618C7A603e1c11Ab82Cd16dbE28069","disputeID":"334"}	"2"
{"blockNumber":10724601,"chainId":1,"contractAddress":"0x988b3A538b618C7A603e1c11Ab82Cd16dbE28069","disputeID":"343"}	"1"
{"blockNumber":10724601,"chainId":1,"contractAddress":"0x988b3A538b618C7A603e1c11Ab82Cd16dbE28069","disputeID":"344"}	"0"
{"blockNumber":10724601,"chainId":1,"contractAddress":"0x988b3A538b618C7A603e1c11Ab82Cd16dbE28069","disputeID":"345"}	"0"
{"blockNumber":10724601,"chainId":1,"contractAddress":"0x988b3A538b618C7A603e1c11Ab82Cd16dbE28069","disputeID":"346"}	"2"
{"blockNumber":10724601,"chainId":1,"contractAddress":"0x988b3A538b618C7A603e1c11Ab82Cd16dbE28069","disputeID":"349"}	"2"
{"blockNumber":10724601,"chainId":1,"contractAddress":"0x988b3A538b618C7A603e1c11Ab82Cd16dbE28069","disputeID":"351"}	"2"
{"blockNumber":10724601,"chainId":1,"contractAddress":"0x988b3A538b618C7A603e1c11Ab82Cd16dbE28069","disputeID":"352"}	"0"
{"blockNumber":10724601,"chainId":1,"contractAddress":"0x988b3A538b618C7A603e1c11Ab82Cd16dbE28069","disputeID":"353"}	"2"
{"blockNumber":10724601,"chainId":1,"contractAddress":"0x988b3A538b618C7A603e1c11Ab82Cd16dbE28069","disputeID":"354"}	"0"
{"blockNumber":10725583,"chainId":1,"contractAddress":"0x988b3A538b618C7A603e1c11Ab82Cd16dbE28069","disputeID":"355"}	"2"
{"blockNumber":10726429,"chainId":1,"contractAddress":"0x988b3A538b618C7A603e1c11Ab82Cd16dbE28069","disputeID":"357"}	"2"
{"blockNumber":10727415,"chainId":1,"contractAddress":"0x988b3A538b618C7A603e1c11Ab82Cd16dbE28069","disputeID":"360"}	"2"
{"blockNumber":10731612,"chainId":1,"contractAddress":"0x988b3A538b618C7A603e1c11Ab82Cd16dbE28069","disputeID":"362"}	"1"
{"blockNumber":10736728,"chainId":1,"contractAddress":"0x988b3A538b618C7A603e1c11Ab82Cd16dbE28069","disputeID":"334"}	"2"
{"blockNumber":10738092,"chainId":1,"contractAddress":"0x988b3A538b618C7A603e1c11Ab82Cd16dbE28069","disputeID":"358"}	"1"
{"blockNumber":10738207,"chainId":1,"contractAddress":"0x988b3A538b618C7A603e1c11Ab82Cd16dbE28069","disputeID":"359"}	"1"
{"blockNumber":10739220,"chainId":1,"contractAddress":"0x988b3A538b618C7A603e1c11Ab82Cd16dbE28069","disputeID":"365"}	"2"
{"blockNumber":10742609,"chainId":1,"contractAddress":"0x988b3A538b618C7A603e1c11Ab82Cd16dbE28069","disputeID":"363"}	"1"
{"blockNumber":10743349,"chainId":1,"contractAddress":"0x988b3A538b618C7A603e1c11Ab82Cd16dbE28069","disputeID":"352"}	"2"
{"blockNumber":10743512,"chainId":1,"contractAddress":"0x988b3A538b618C7A603e1c11Ab82Cd16dbE28069","disputeID":"366"}	"2"
{"blockNumber":10745654,"chainId":1,"contractAddress":"0x988b3A538b618C7A603e1c11Ab82Cd16dbE28069","disputeID":"364"}	"2"
{"blockNumber":10751641,"chainId":1,"contractAddress":"0x988b3A538b618C7A603e1c11Ab82Cd16dbE28069","disputeID":"344"}	"2"
{"blockNumber":10756585,"chainId":1,"contractAddress":"0x988b3A538b618C7A603e1c11Ab82Cd16dbE28069","disputeID":"360"}	"1"
{"blockNumber":10757060,"chainId":1,"contractAddress":"0x988b3A538b618C7A603e1c11Ab82Cd16dbE28069","disputeID":"354"}	"2"
{"blockNumber":10758109,"chainId":1,"contractAddress":"0x988b3A538b618C7A603e1c11Ab82Cd16dbE28069","disputeID":"334"}	"2"
{"blockNumber":10758109,"chainId":1,"contractAddress":"0x988b3A538b618C7A603e1c11Ab82Cd16dbE28069","disputeID":"367"}	"2"
{"blockNumber":10765762,"chainId":1,"contractAddress":"0x988b3A538b618C7A603e1c11Ab82Cd16dbE28069","disputeID":"368"}	"1"
{"blockNumber":10766405,"chainId":1,"contractAddress":"0x988b3A538b618C7A603e1c11Ab82Cd16dbE28069","disputeID":"362"}	"1"
{"blockNumber":10766458,"chainId":1,"contractAddress":"0x988b3A538b618C7A603e1c11Ab82Cd16dbE28069","disputeID":"352"}	"2"
{"blockNumber":10771556,"chainId":1,"contractAddress":"0x988b3A538b618C7A603e1c11Ab82Cd16dbE28069","disputeID":"370"}	"2"
{"blockNumber":10783532,"chainId":1,"contractAddress":"0x988b3A538b618C7A603e1c11Ab82Cd16dbE28069","disputeID":"364"}	"2"
{"blockNumber":10783532,"chainId":1,"contractAddress":"0x988b3A538b618C7A603e1c11Ab82Cd16dbE28069","disputeID":"369"}	"2"
{"blockNumber":10793882,"chainId":1,"contractAddress":"0x988b3A538b618C7A603e1c11Ab82Cd16dbE28069","disputeID":"360"}	"2"
{"blockNumber":10811462,"chainId":1,"contractAddress":"0x988b3A538b618C7A603e1c11Ab82Cd16dbE28069","disputeID":"362"}	"1"
{"blockNumber":10815472,"chainId":1,"contractAddress":"0x988b3A538b618C7A603e1c11Ab82Cd16dbE28069","disputeID":"364"}	"2"
{"blockNumber":10830023,"chainId":1,"contractAddress":"0x988b3A538b618C7A603e1c11Ab82Cd16dbE28069","disputeID":"360"}	"1"
{"blockNumber":10850667,"chainId":1,"contractAddress":"0x988b3A538b618C7A603e1c11Ab82Cd16dbE28069","disputeID":"374"}	"1"
{"blockNumber":10852416,"chainId":1,"contractAddress":"0x988b3A538b618C7A603e1c11Ab82Cd16dbE28069","disputeID":"362"}	"1"
{"blockNumber":10862757,"chainId":1,"contractAddress":"0x988b3A538b618C7A603e1c11Ab82Cd16dbE28069","disputeID":"373"}	"1"
{"blockNumber":10888283,"chainId":1,"contractAddress":"0x988b3A538b618C7A603e1c11Ab82Cd16dbE28069","disputeID":"382"}	"2"
{"blockNumber":10888919,"chainId":1,"contractAddress":"0x988b3A538b618C7A603e1c11Ab82Cd16dbE28069","disputeID":"381"}	"1"
{"blockNumber":10936044,"chainId":1,"contractAddress":"0x988b3A538b618C7A603e1c11Ab82Cd16dbE28069","disputeID":"381"}	"2"
{"blockNumber":10951260,"chainId":1,"contractAddress":"0x988b3A538b618C7A603e1c11Ab82Cd16dbE28069","disputeID":"394"}	"1"
{"blockNumber":10964175,"chainId":1,"contractAddress":"0x988b3A538b618C7A603e1c11Ab82Cd16dbE28069","disputeID":"399"}	"2"
{"blockNumber":10985274,"chainId":1,"contractAddress":"0x988b3A538b618C7A603e1c11Ab82Cd16dbE28069","disputeID":"396"}	"2"
{"blockNumber":11033815,"chainId":1,"contractAddress":"0x988b3A538b618C7A603e1c11Ab82Cd16dbE28069","disputeID":"414"}	"2"
{"blockNumber":11033815,"chainId":1,"contractAddress":"0x988b3A538b618C7A603e1c11Ab82Cd16dbE28069","disputeID":"415"}	"1"
{"blockNumber":11036426,"chainId":1,"contractAddress":"0x988b3A538b618C7A603e1c11Ab82Cd16dbE28069","disputeID":"416"}	"2"
{"blockNumber":11047443,"chainId":1,"contractAddress":"0x988b3A538b618C7A603e1c11Ab82Cd16dbE28069","disputeID":"418"}	"2"
{"blockNumber":11061789,"chainId":1,"contractAddress":"0x988b3A538b618C7A603e1c11Ab82Cd16dbE28069","disputeID":"425"}	"2"
{"blockNumber":11063090,"chainId":1,"contractAddress":"0x988b3A538b618C7A603e1c11Ab82Cd16dbE28069","disputeID":"421"}	"2"
{"blockNumber":11069563,"chainId":1,"contractAddress":"0x988b3A538b618C7A603e1c11Ab82Cd16dbE28069","disputeID":"424"}	"1"
{"blockNumber":11069563,"chainId":1,"contractAddress":"0x988b3A538b618C7A603e1c11Ab82Cd16dbE28069","disputeID":"426"}	"2"
{"blockNumber":11090043,"chainId":1,"contractAddress":"0x988b3A538b618C7A603e1c11Ab82Cd16dbE28069","disputeID":"431"}	"2"
{"blockNumber":11130291,"chainId":1,"contractAddress":"0x988b3A538b618C7A603e1c11Ab82Cd16dbE28069","disputeID":"437"}	"2"
{"blockNumber":11152404,"chainId":1,"contractAddress":"0x988b3A538b618C7A603e1c11Ab82Cd16dbE28069","disputeID":"440"}	"2"
{"blockNumber":11159786,"chainId":1,"contractAddress":"0x988b3A538b618C7A603e1c11Ab82Cd16dbE28069","disputeID":"439"}	"2"
{"blockNumber":11161766,"chainId":1,"contractAddress":"0x988b3A538b618C7A603e1c11Ab82Cd16dbE28069","disputeID":"441"}	"1"
{"blockNumber":11177332,"chainId":1,"contractAddress":"0x988b3A538b618C7A603e1c11Ab82Cd16dbE28069","disputeID":"443"}	"1"
{"blockNumber":11207880,"chainId":1,"contractAddress":"0x988b3A538b618C7A603e1c11Ab82Cd16dbE28069","disputeID":"443"}	"1"
{"blockNumber":11219320,"chainId":1,"contractAddress":"0x988b3A538b618C7A603e1c11Ab82Cd16dbE28069","disputeID":"476"}	"2"
{"blockNumber":11278152,"chainId":1,"contractAddress":"0x988b3A538b618C7A603e1c11Ab82Cd16dbE28069","disputeID":"480"}	"1"
{"blockNumber":11281727,"chainId":1,"contractAddress":"0x988b3A538b618C7A603e1c11Ab82Cd16dbE28069","disputeID":"483"}	"2"
{"blockNumber":11317214,"chainId":1,"contractAddress":"0x988b3A538b618C7A603e1c11Ab82Cd16dbE28069","disputeID":"486"}	"2"
{"blockNumber":11321412,"chainId":1,"contractAddress":"0x988b3A538b618C7A603e1c11Ab82Cd16dbE28069","disputeID":"487"}	"2"
{"blockNumber":11348339,"chainId":1,"contractAddress":"0x988b3A538b618C7A603e1c11Ab82Cd16dbE28069","disputeID":"489"}	"1"
{"blockNumber":11374718,"chainId":1,"contractAddress":"0x988b3A538b618C7A603e1c11Ab82Cd16dbE28069","disputeID":"495"}	"2"
{"blockNumber":11395644,"chainId":1,"contractAddress":"0x988b3A538b618C7A603e1c11Ab82Cd16dbE28069","disputeID":"499"}	"1"
{"blockNumber":11398407,"chainId":1,"contractAddress":"0x988b3A538b618C7A603e1c11Ab82Cd16dbE28069","disputeID":"502"}	"2"
{"blockNumber":11407998,"chainId":1,"contractAddress":"0x988b3A538b618C7A603e1c11Ab82Cd16dbE28069","disputeID":"495"}	"2"
{"blockNumber":11493419,"chainId":1,"contractAddress":"0x988b3A538b618C7A603e1c11Ab82Cd16dbE28069","disputeID":"528"}	"2"
{"blockNumber":11532300,"chainId":1,"contractAddress":"0x988b3A538b618C7A603e1c11Ab82Cd16dbE28069","disputeID":"531"}	"1"
{"blockNumber":11717755,"chainId":1,"contractAddress":"0x988b3A538b618C7A603e1c11Ab82Cd16dbE28069","disputeID":"542"}	"2"
{"blockNumber":11755586,"chainId":1,"contractAddress":"0x988b3A538b618C7A603e1c11Ab82Cd16dbE28069","disputeID":"543"}	"2"
{"blockNumber":12123099,"chainId":1,"contractAddress":"0x988b3A538b618C7A603e1c11Ab82Cd16dbE28069","disputeID":"557"}	"1"
{"blockNumber":12123099,"chainId":1,"contractAddress":"0x988b3A538b618C7A603e1c11Ab82Cd16dbE28069","disputeID":"558"}	"0"
{"blockNumber":12712207,"chainId":1,"contractAddress":"0x988b3A538b618C7A603e1c11Ab82Cd16dbE28069","disputeID":"852"}	"2"
{"blockNumber":12741944,"chainId":1,"contractAddress":"0x988b3A538b618C7A603e1c11Ab82Cd16dbE28069","disputeID":"852"}	"2"
{"blockNumber":12891229,"chainId":1,"contractAddress":"0x988b3A538b618C7A603e1c11Ab82Cd16dbE28069","disputeID":"888"}	"2"
{"blockNumber":12940551,"chainId":1,"contractAddress":"0x988b3A538b618C7A603e1c11Ab82Cd16dbE28069","disputeID":"893"}	"1"
{"blockNumber":12951734,"chainId":1,"contractAddress":"0x988b3A538b618C7A603e1c11Ab82Cd16dbE28069","disputeID":"901"}	"1"
{"blockNumber":13203665,"chainId":1,"contractAddress":"0x988b3A538b618C7A603e1c11Ab82Cd16dbE28069","disputeID":"914"}	"2"
{"blockNumber":13716256,"chainId":1,"contractAddress":"0x988b3A538b618C7A603e1c11Ab82Cd16dbE28069","disputeID":"1010"}	"2"
{"blockNumber":14117602,"chainId":1,"contractAddress":"0x988b3A538b618C7A603e1c11Ab82Cd16dbE28069","disputeID":"1100"}	"2"
